lag,p_value
1,0.4194384140112746
2,0.33902159952085953
3,0.4849225209579333
4,0.48014626054344733
5,0.5878184663849162
