lag,p_value
1,0.7790953467420768
2,0.932831796606389
3,0.8524784085611502
4,0.301470796445045
5,0.47048368963031273
