lag,p_value
1,0.7788941459235356
2,0.9328502985471597
3,0.8522153139006778
4,0.3037758217780518
5,0.4730387415835232
